MGA_it,Iterations,Iteration_Time
0,19,30.125999927520752
1,3,3.6519999504089355
2,17,16.152000188827515
3,2,1.2780001163482666
4,3,2.1399998664855957
5,14,7.9700000286102295
6,2,0.8899998664855957
7,3,1.6390001773834229
8,9,6.42300009727478
9,17,9.952000141143799
10,9,6.4700000286102295
11,3,1.6150000095367432
12,2,0.7899999618530273
13,9,6.749000072479248
14,3,1.6990001201629639
15,2,0.742999792098999
16,14,9.184999942779541
17,3,1.6579999923706055
18,3,1.7700002193450928
